Id,Title,Labels,Iteration,Iteration Start,Iteration End,Type,Estimate,Current State,Created at,Accepted at,Deadline,Requested By,Description,URL,Owned By
169157480,Iconos de construccion,"",1,"Oct 14, 2019","Oct 20, 2019",feature,2,accepted,"Oct 15, 2019","Oct 16, 2019",,Daniel González Sellán,,https://www.pivotaltracker.com/story/show/169157480,Daniel González Sellán
169361050,Hacer el pivotal,"",3,"Oct 28, 2019","Nov 3, 2019",feature,3,unstarted,"Oct 25, 2019",,,Pablo,,https://www.pivotaltracker.com/story/show/169361050,
169248299,Orden de acciones,"",,,,feature,,unscheduled,"Oct 20, 2019",,,Daniel González Sellán,,https://www.pivotaltracker.com/story/show/169248299,
169186713,Sprite selected,"",,,,feature,,unscheduled,"Oct 16, 2019",,,Daniel González Sellán,,https://www.pivotaltracker.com/story/show/169186713,
169157514,Interfaz,"",,,,feature,,unscheduled,"Oct 15, 2019",,,Daniel González Sellán,,https://www.pivotaltracker.com/story/show/169157514,
169157509,Turnos,"",,,,feature,,unscheduled,"Oct 15, 2019",,,Daniel González Sellán,,https://www.pivotaltracker.com/story/show/169157509,
169157492,Defensas,"",,,,feature,,unscheduled,"Oct 15, 2019",,,Daniel González Sellán,,https://www.pivotaltracker.com/story/show/169157492,
169157491,Atacantes,"",,,,feature,,unscheduled,"Oct 15, 2019",,,Daniel González Sellán,,https://www.pivotaltracker.com/story/show/169157491,
169157488,Construccion estructuras,"",,,,feature,,unscheduled,"Oct 15, 2019",,,Daniel González Sellán,,https://www.pivotaltracker.com/story/show/169157488,
